text,label
I saw missalleaneous yesterday.,Spelling
This is specle example.,Spelling
He typed estemined in the message.,Spelling
She wrote freterly in her notebook.,Spelling
He typed recommedation in the message.,Spelling
He typed senet in the message.,Spelling
She wrote pampflyss in her notebook.,Spelling
She wrote dich in her notebook.,Spelling
She wrote loeg in her notebook.,Spelling
The word aprocimately is wrong.,Spelling
I saw every_thing yesterday.,Spelling
They said apparintly in class.,Spelling
They said affidavate in class.,Spelling
He typed currants in the message.,Spelling
He typed odern in the message.,Spelling
He typed subterianam in the message.,Spelling
This is wun example.,Spelling
She wrote open in her notebook.,Spelling
This is prosperious example.,Spelling
She wrote formelle in her notebook.,Spelling
The word undoubtadly is wrong.,Spelling
They said exnomic in class.,Spelling
The word undoubtlly is wrong.,Spelling
I saw affa_dava yesterday.,Spelling
They said daully in class.,Spelling
He typed pacfically in the message.,Spelling
This is engencies example.,Spelling
They said seige in class.,Spelling
This is unfortument example.,Spelling
She wrote drue in her notebook.,Spelling
The word verry is wrong.,Spelling
The word consistant is wrong.,Spelling
He typed ferternaly in the message.,Spelling
She wrote strenus in her notebook.,Spelling
The word there is wrong.,Spelling
He typed fimiliar in the message.,Spelling
He typed exskrse in the message.,Spelling
He typed suafix in the message.,Spelling
I saw gowed yesterday.,Spelling
The word circuss is wrong.,Spelling
I saw fitad yesterday.,Spelling
I saw sew yesterday.,Spelling
They said fowd in class.,Spelling
She wrote definely in her notebook.,Spelling
He typed hale in the message.,Spelling
The word desireous is wrong.,Spelling
They said espeacle in class.,Spelling
He typed every_day in the message.,Spelling
I saw indefinent yesterday.,Spelling
He typed form in the message.,Spelling
They said succesfully in class.,Spelling
The word miaged is wrong.,Spelling
This is definpet example.,Spelling
I saw sacrafice yesterday.,Spelling
This is Ensysastic example.,Spelling
This is accmpaning example.,Spelling
She wrote recommandations in her notebook.,Spelling
He typed attemeter in the message.,Spelling
She wrote ceese in her notebook.,Spelling
She wrote led in her notebook.,Spelling
He typed el in the message.,Spelling
He typed equalnomical in the message.,Spelling
The word aproximatly is wrong.,Spelling
I saw inconvence yesterday.,Spelling
She wrote toches in her notebook.,Spelling
This is scub example.,Spelling
I saw trond yesterday.,Spelling
She wrote altihoched in her notebook.,Spelling
I saw accessable yesterday.,Spelling
He typed brack in the message.,Spelling
This is beting example.,Spelling
This is amuabile example.,Spelling
He typed pollitition in the message.,Spelling
They said plane in class.,Spelling
The word recondations is wrong.,Spelling
She wrote pome in her notebook.,Spelling
He typed scifuly in the message.,Spelling
I saw adquire yesterday.,Spelling
I saw clark yesterday.,Spelling
This is prier example.,Spelling
I saw cristal yesterday.,Spelling
They said janer in class.,Spelling
He typed enjoyous in the message.,Spelling
They said thouroghly in class.,Spelling
This is tord example.,Spelling
This is tobugon example.,Spelling
They said apparient in class.,Spelling
This is bet example.,Spelling
I saw apporpreate yesterday.,Spelling
I saw recommandment yesterday.,Spelling
This is satisfactorlly example.,Spelling
The word choice is wrong.,Spelling
The word posseses is wrong.,Spelling
The word symatry is wrong.,Spelling
She wrote wes in her notebook.,Spelling
This is wirer example.,Spelling
This is bg example.,Spelling
The word everone is wrong.,Spelling
He typed unfortunet in the message.,Spelling
She wrote sranded in her notebook.,Spelling
They said transfred in class.,Spelling
He typed asabed in the message.,Spelling
I saw consiencess yesterday.,Spelling
They said sulroarity in class.,Spelling
He typed seartenly in the message.,Spelling
She wrote se in her notebook.,Spelling
He typed mutuall in the message.,Spelling
I saw sutenly yesterday.,Spelling
This is baeutiful example.,Spelling
I saw then yesterday.,Spelling
The word demenor is wrong.,Spelling
The word buildt is wrong.,Spelling
He typed criticists in the message.,Spelling
He typed sleat in the message.,Spelling
I saw commenties yesterday.,Spelling
I saw huct yesterday.,Spelling
I saw emonic yesterday.,Spelling
This is spaekers example.,Spelling
They said sat in class.,Spelling
She wrote descisions in her notebook.,Spelling
This is differnt example.,Spelling
The word leshure is wrong.,Spelling
He typed magnifersent in the message.,Spelling
He typed affectionately in the message.,Spelling
The word to is wrong.,Spelling
I saw bankruptscy yesterday.,Spelling
They said aprotus in class.,Spelling
They said bark in class.,Spelling
She wrote lodeg in her notebook.,Spelling
I saw galin yesterday.,Spelling
The word parll is wrong.,Spelling
They said anxcious in class.,Spelling
I saw custumery yesterday.,Spelling
I saw coutanint yesterday.,Spelling
I saw intertesd yesterday.,Spelling
I saw consestane yesterday.,Spelling
This is lilly example.,Spelling
They said fros in class.,Spelling
This is disiplin example.,Spelling
They said erspendituer in class.,Spelling
They said sean in class.,Spelling
He typed prostut in the message.,Spelling
She wrote onforgetable in her notebook.,Spelling
She wrote complemantary in her notebook.,Spelling
He typed plan in the message.,Spelling
This is wieghed example.,Spelling
This is fas example.,Spelling
She wrote batheing in her notebook.,Spelling
She wrote dangeus in her notebook.,Spelling
They said subsructures in class.,Spelling
This is deibet example.,Spelling
The word curnail is wrong.,Spelling
This is triumphet example.,Spelling
I saw angencies yesterday.,Spelling
She wrote curculace in her notebook.,Spelling
She wrote dependancy in her notebook.,Spelling
She wrote revewed in her notebook.,Spelling
They said gaintee in class.,Spelling
She wrote villonents in her notebook.,Spelling
This is elemantary example.,Spelling
She wrote bulyed in her notebook.,Spelling
They said ansitty in class.,Spelling
This is practicioners example.,Spelling
This is bludy example.,Spelling
This is woth example.,Spelling
I saw comissions yesterday.,Spelling
The word ventulated is wrong.,Spelling
This is chidren example.,Spelling
She wrote ouer in her notebook.,Spelling
This is peaularer example.,Spelling
She wrote recumended in her notebook.,Spelling
I saw numbeer yesterday.,Spelling
I saw miscellenious yesterday.,Spelling
I saw finatually yesterday.,Spelling
She wrote garge in her notebook.,Spelling
This is ordinaryily example.,Spelling
He typed comitmment in the message.,Spelling
This is clak example.,Spelling
He typed alledged in the message.,Spelling
This is verue example.,Spelling
He typed ribben in the message.,Spelling
They said panlets in class.,Spelling
This is fundametal example.,Spelling
They said comsmery in class.,Spelling
He typed marrid in the message.,Spelling
This is Gardon example.,Spelling
I saw flead yesterday.,Spelling
This is helecepter example.,Spelling
The word aprovell is wrong.,Spelling
The word completd is wrong.,Spelling
I saw favorably yesterday.,Spelling
This is unfurtunally example.,Spelling
They said comfortuble in class.,Spelling
I saw childres yesterday.,Spelling
This is convience example.,Spelling
She wrote shoudln in her notebook.,Spelling
This is phace example.,Spelling
I saw pumkin yesterday.,Spelling
She wrote tactnickle in her notebook.,Spelling
He typed misteary in the message.,Spelling
They said pasificaly in class.,Spelling
The word divernes is wrong.,Spelling
The word termenent is wrong.,Spelling
I saw delink yesterday.,Spelling
They said notcbell in class.,Spelling
He typed accruded in the message.,Spelling
She wrote appolage in her notebook.,Spelling
This is priamay example.,Spelling
He typed ridiculuss in the message.,Spelling
This is wist example.,Spelling
She wrote leav in her notebook.,Spelling
The word poluting is wrong.,Spelling
The word pronounciation is wrong.,Spelling
They said scisors in class.,Spelling
This is evry_were example.,Spelling
They said daet in class.,Spelling
They said anthe in class.,Spelling
She wrote edg in her notebook.,Spelling
I saw principle yesterday.,Spelling
I saw tarkan yesterday.,Spelling
He typed previus in the message.,Spelling
She wrote unforget in her notebook.,Spelling
I saw othten yesterday.,Spelling
This is mountinous example.,Spelling
I saw sueone yesterday.,Spelling
This is comieg example.,Spelling
The word call is wrong.,Spelling
The word ceized is wrong.,Spelling
She wrote thifeves in her notebook.,Spelling
They said priveledges in class.,Spelling
He typed funney in the message.,Spelling
She wrote loge in her notebook.,Spelling
She wrote consident in her notebook.,Spelling
This is repair example.,Spelling
This is butlek example.,Spelling
He typed reciover in the message.,Spelling
He typed nale in the message.,Spelling
He typed forwoand in the message.,Spelling
The word telepioned is wrong.,Spelling
I saw cirleing yesterday.,Spelling
This is remeved example.,Spelling
They said helicopitor in class.,Spelling
She wrote indstre in her notebook.,Spelling
They said thurow in class.,Spelling
They said flagnity in class.,Spelling
This is recusition example.,Spelling
He typed expendure in the message.,Spelling
I saw tempritue yesterday.,Spelling
This is blot example.,Spelling
He typed vesing in the message.,Spelling
They said mimimn in class.,Spelling
This is tet example.,Spelling
I saw ecconomical yesterday.,Spelling
He typed tresle in the message.,Spelling
They said flayrancy in class.,Spelling
They said p in class.,Spelling
They said pistol in class.,Spelling
They said remarke in class.,Spelling
She wrote erand in her notebook.,Spelling
The word exceptionelly is wrong.,Spelling
I saw cambrige yesterday.,Spelling
The word pigen is wrong.,Spelling
This is laph example.,Spelling
He typed anneversies in the message.,Spelling
The word groth is wrong.,Spelling
They said anxietty in class.,Spelling
The word insidendens is wrong.,Spelling
They said remerber in class.,Spelling
The word sertainly is wrong.,Spelling
I saw reed yesterday.,Spelling
I saw sader yesterday.,Spelling
I saw sifce yesterday.,Spelling
I saw stoamac yesterday.,Spelling
The word stpo is wrong.,Spelling
This is spiritous example.,Spelling
She wrote oficer in her notebook.,Spelling
I saw desineded yesterday.,Spelling
He typed pearent in the message.,Spelling
He typed brtende in the message.,Spelling
He typed initails in the message.,Spelling
I saw stranuiss yesterday.,Spelling
They said gran in class.,Spelling
They said serves in class.,Spelling
This is lever example.,Spelling
The word bell is wrong.,Spelling
He typed laphe in the message.,Spelling
She wrote carton in her notebook.,Spelling
They said tornk_suint in class.,Spelling
The word assasinate is wrong.,Spelling
I saw reper yesterday.,Spelling
He typed enthusasamin in the message.,Spelling
The word thear is wrong.,Spelling
This is took example.,Spelling
He typed dreft in the message.,Spelling
He typed shake in the message.,Spelling
I saw critizam yesterday.,Spelling
This is denine example.,Spelling
She wrote apreaseate in her notebook.,Spelling
They said gager in class.,Spelling
This is elpine example.,Spelling
They said veracular in class.,Spelling
They said coustomers in class.,Spelling
This is permmasivie example.,Spelling
The word boaring is wrong.,Spelling
They said greatfull in class.,Spelling
She wrote middle_age in her notebook.,Spelling
She wrote queours in her notebook.,Spelling
She wrote additorium in her notebook.,Spelling
She wrote conceal in her notebook.,Spelling
This is emty example.,Spelling
She wrote communcation in her notebook.,Spelling
I saw dag yesterday.,Spelling
They said initized in class.,Spelling
This is doritory example.,Spelling
The word fok is wrong.,Spelling
I saw hit yesterday.,Spelling
This is permiently example.,Spelling
This is regen example.,Spelling
She wrote esses in her notebook.,Spelling
I saw refridgetor yesterday.,Spelling
She wrote affectinally in her notebook.,Spelling
She wrote immitation in her notebook.,Spelling
I saw exemple yesterday.,Spelling
She wrote burfteful in her notebook.,Spelling
He typed bach in the message.,Spelling
I saw exdishion yesterday.,Spelling
I saw side yesterday.,Spelling
The word skarf is wrong.,Spelling
I saw caracter yesterday.,Spelling
The word of is wrong.,Spelling
He typed insite in the message.,Spelling
He typed ferzing in the message.,Spelling
He typed rerved in the message.,Spelling
This is turnk example.,Spelling
They said sceheduled in class.,Spelling
This is asure example.,Spelling
I saw vacancy's yesterday.,Spelling
She wrote discreetion in her notebook.,Spelling
He typed flyt in the message.,Spelling
He typed customar's in the message.,Spelling
She wrote him in her notebook.,Spelling
He typed unsuprising in the message.,Spelling
The word thorts is wrong.,Spelling
She wrote shot in her notebook.,Spelling
This is galvilnize example.,Spelling
They said distent in class.,Spelling
I saw enyays yesterday.,Spelling
I saw han yesterday.,Spelling
The word funguses is wrong.,Spelling
The word bisycle is wrong.,Spelling
This is swan example.,Spelling
I saw departsion yesterday.,Spelling
I saw frther yesterday.,Spelling
This is re example.,Spelling
She wrote arplane in her notebook.,Spelling
I saw tumage yesterday.,Spelling
The word tragedty is wrong.,Spelling
She wrote dinner in her notebook.,Spelling
I saw fitr yesterday.,Spelling
I saw mysteries yesterday.,Spelling
They said roth in class.,Spelling
I saw orinarally yesterday.,Spelling
I saw apolagie yesterday.,Spelling
This is invarably example.,Spelling
The word went is wrong.,Spelling
He typed successfull in the message.,Spelling
They said becane in class.,Spelling
I saw breif yesterday.,Spelling
He typed shagge in the message.,Spelling
The word geumatry is wrong.,Spelling
I saw surrling yesterday.,Spelling
This is tempratur example.,Spelling
He typed convenecily in the message.,Spelling
This is straneous example.,Spelling
He typed efford in the message.,Spelling
The word extra-ordinary is wrong.,Spelling
They said confort in class.,Spelling
This is magnifisunt example.,Spelling
She wrote sam in her notebook.,Spelling
This is convenitaly example.,Spelling
This is opdr example.,Spelling
I saw approvebell yesterday.,Spelling
He typed veludus in the message.,Spelling
They said in in class.,Spelling
I saw certainity yesterday.,Spelling
This is customere example.,Spelling
She wrote famelear in her notebook.,Spelling
The word panfalits is wrong.,Spelling
They said presuposes in class.,Spelling
They said ocasion in class.,Spelling
They said consciences in class.,Spelling
They said refreeshment in class.,Spelling
The word cortened is wrong.,Spelling
They said geting in class.,Spelling
This is usal example.,Spelling
This is aboat example.,Spelling
This is denihgh example.,Spelling
The word weaponary is wrong.,Spelling
I saw arentee yesterday.,Spelling
I saw fiht yesterday.,Spelling
I saw advitise yesterday.,Spelling
I saw builing yesterday.,Spelling
They said satitfaction in class.,Spelling
He typed definialy in the message.,Spelling
I saw approcxmately yesterday.,Spelling
I saw satisfuckshon yesterday.,Spelling
I saw embarrasing yesterday.,Spelling
She wrote go in her notebook.,Spelling
She wrote accquantence in her notebook.,Spelling
She wrote glovs in her notebook.,Spelling
This is unfortanate example.,Spelling
This is directio example.,Spelling
I saw durt yesterday.,Spelling
I saw sub-terranian yesterday.,Spelling
This is plate example.,Spelling
The word baken is wrong.,Spelling
I saw asyme yesterday.,Spelling
The word pep is wrong.,Spelling
This is refleshment example.,Spelling
This is elementory example.,Spelling
They said oppinion in class.,Spelling
The word gloded is wrong.,Spelling
I saw bicites yesterday.,Spelling
The word denify is wrong.,Spelling
This is esteamd example.,Spelling
They said remfeminc in class.,Spelling
He typed magnifsit in the message.,Spelling
This is veraers example.,Spelling
The word apparrelled is wrong.,Spelling
This is fire example.,Spelling
She wrote anema in her notebook.,Spelling
This is radious example.,Spelling
He typed scerle in the message.,Spelling
He typed here in the message.,Spelling
They said heared in class.,Spelling
The word annivesrey is wrong.,Spelling
He typed fermenerl in the message.,Spelling
They said incoveiant in class.,Spelling
They said possibilty in class.,Spelling
They said fezen in class.,Spelling
He typed intoletual in the message.,Spelling
She wrote reccons in her notebook.,Spelling
I saw strog yesterday.,Spelling
This is resteraunt example.,Spelling
They said brigth in class.,Spelling
She wrote for_way in her notebook.,Spelling
This is seased example.,Spelling
I saw cannonical yesterday.,Spelling
They said accommedate in class.,Spelling
I saw cat yesterday.,Spelling
The word messurnation is wrong.,Spelling
The word phiscian is wrong.,Spelling
They said romating in class.,Spelling
He typed verey in the message.,Spelling
This is desind example.,Spelling
They said powtrey in class.,Spelling
This is contenence example.,Spelling
He typed rheumitism in the message.,Spelling
The word a_rone is wrong.,Spelling
This is walk example.,Spelling
This is referchment example.,Spelling
She wrote rediculous in her notebook.,Spelling
They said acording in class.,Spelling
He typed anual in the message.,Spelling
He typed relf in the message.,Spelling
I saw carkt yesterday.,Spelling
He typed imeaditatly in the message.,Spelling
He typed picturequest in the message.,Spelling
They said matierally in class.,Spelling
She wrote corteouses in her notebook.,Spelling
They said aroeplane in class.,Spelling
They said determum in class.,Spelling
I saw walkt yesterday.,Spelling
She wrote restle in her notebook.,Spelling
This is qulateral example.,Spelling
I saw about yesterday.,Spelling
This is Epesale example.,Spelling
He typed mist in the message.,Spelling
He typed Feburary in the message.,Spelling
They said headmisters in class.,Spelling
The word qtuie is wrong.,Spelling
She wrote texed in her notebook.,Spelling
This is elimiment example.,Spelling
This is vowchure example.,Spelling
The word trianph is wrong.,Spelling
The word pasttime is wrong.,Spelling
The word constant is wrong.,Spelling
This is bulleye example.,Spelling
This is frow example.,Spelling
This is rean_coat example.,Spelling
He typed unforgetrel in the message.,Spelling
This is yau example.,Spelling
He typed gurantte in the message.,Spelling
They said spirt in class.,Spelling
He typed specificely in the message.,Spelling
The word secceeded is wrong.,Spelling
They said refreduater in class.,Spelling
This is comistry example.,Spelling
The word sqraping is wrong.,Spelling
The word miteraly is wrong.,Spelling
He typed imbed in the message.,Spelling
They said eminating in class.,Spelling
This is fob example.,Spelling
He typed neny in the message.,Spelling
He typed blead in the message.,Spelling
This is conseninous example.,Spelling
She wrote vesiable in her notebook.,Spelling
The word presued is wrong.,Spelling
The word hed is wrong.,Spelling
They said voucer in class.,Spelling
He typed befour in the message.,Spelling
The word Octber is wrong.,Spelling
The word idesa is wrong.,Spelling
She wrote magnifisence in her notebook.,Spelling
She wrote subjects in her notebook.,Spelling
They said eletmeter in class.,Spelling
He typed custamor's in the message.,Spelling
This is discribe example.,Spelling
She wrote secsesful in her notebook.,Spelling
This is surrepetitious example.,Spelling
This is colbe example.,Spelling
This is parteners example.,Spelling
He typed inthoughiasm in the message.,Spelling
This is bus example.,Spelling
The word attorium is wrong.,Spelling
This is anisaty example.,Spelling
This is predigus example.,Spelling
She wrote presentence in her notebook.,Spelling
This is prouls example.,Spelling
She wrote cummunicate in her notebook.,Spelling
The word annaversary is wrong.,Spelling
This is remanber example.,Spelling
This is pittsburg example.,Spelling
This is enthusiasistic example.,Spelling
She wrote council in her notebook.,Spelling
They said panss in class.,Spelling
She wrote winm in her notebook.,Spelling
This is mainly example.,Spelling
He typed cansel in the message.,Spelling
I saw eminsily yesterday.,Spelling
I saw freighted yesterday.,Spelling
This is loceh example.,Spelling
This is analagys example.,Spelling
This is approgeate example.,Spelling
This is night example.,Spelling
I saw curtis yesterday.,Spelling
I saw fourty yesterday.,Spelling
They said fl in class.,Spelling
He typed tacen in the message.,Spelling
She wrote nineth in her notebook.,Spelling
The word trouble_maker is wrong.,Spelling
This is onw example.,Spelling
They said snoraty in class.,Spelling
They said weich in class.,Spelling
She wrote recquizition in her notebook.,Spelling
He typed hed in the message.,Spelling
She wrote inncidentally in her notebook.,Spelling
She wrote aratie in her notebook.,Spelling
He typed vairouse in the message.,Spelling
The word convallesance is wrong.,Spelling
She wrote morgagde in her notebook.,Spelling
This is Foundland example.,Spelling
She wrote neibour in her notebook.,Spelling
They said hish in class.,Spelling
The word sot is wrong.,Spelling
She wrote eatten in her notebook.,Spelling
He typed penninsular in the message.,Spelling
I saw a_nouther yesterday.,Spelling
The word vacantce is wrong.,Spelling
They said catalouges in class.,Spelling
I saw receipt's yesterday.,Spelling
The word shis is wrong.,Spelling
This is pianful example.,Spelling
This is unfortunate example.,Spelling
They said childbird in class.,Spelling
This is faedi example.,Spelling
He typed ruasturant in the message.,Spelling
They said safe in class.,Spelling
He typed daing in the message.,Spelling
She wrote leaded in her notebook.,Spelling
He typed phylosyphy in the message.,Spelling
He typed poplation in the message.,Spelling
He typed a_maitine in the message.,Spelling
I saw tund yesterday.,Spelling
She wrote debat in her notebook.,Spelling
He typed gean in the message.,Spelling
He typed secial in the message.,Spelling
They said sheem in class.,Spelling
The word custermery is wrong.,Spelling
He typed changeing in the message.,Spelling
The word prisition is wrong.,Spelling
He typed eribble in the message.,Spelling
They said undoubtel in class.,Spelling
This is sceace example.,Spelling
This is dinner_times example.,Spelling
This is mroe example.,Spelling
I saw nick-name yesterday.,Spelling
He typed notiesable in the message.,Spelling
They said then in class.,Spelling
I saw alttemeter yesterday.,Spelling
They said ecommonics in class.,Spelling
He typed alockmant in the message.,Spelling
He typed magnicsend in the message.,Spelling
They said fate in class.,Spelling
They said dolling in class.,Spelling
I saw Mortgage yesterday.,Spelling
He typed recomenand in the message.,Spelling
The word emploies is wrong.,Spelling
He typed watston in the message.,Spelling
He typed conditining in the message.,Spelling
The word doubte is wrong.,Spelling
I saw no yesterday.,Spelling
I saw matrial yesterday.,Spelling
He typed aburve in the message.,Spelling
The word imployese is wrong.,Spelling
She wrote merchent in her notebook.,Spelling
They said fru in class.,Spelling
They said referigerater in class.,Spelling
She wrote opasite in her notebook.,Spelling
She wrote opersite in her notebook.,Spelling
This is darol example.,Spelling
She wrote sirfishant in her notebook.,Spelling
This is missilainious example.,Spelling
She wrote exterorary in her notebook.,Spelling
I saw memoreys yesterday.,Spelling
This is rheumaticism example.,Spelling
This is tryunkh example.,Spelling
This is plower example.,Spelling
She wrote orchreh in her notebook.,Spelling
They said voulger in class.,Spelling
This is appietite example.,Spelling
She wrote sould in her notebook.,Spelling
This is sally example.,Spelling
The word Bicyle is wrong.,Spelling
I saw contiment yesterday.,Spelling
I saw deathit yesterday.,Spelling
The word groing is wrong.,Spelling
I saw manuveur yesterday.,Spelling
He typed mach in the message.,Spelling
They said frewturnaly in class.,Spelling
They said acomplished in class.,Spelling
The word scremd is wrong.,Spelling
The word latetist is wrong.,Spelling
This is friten example.,Spelling
I saw anestm yesterday.,Spelling
I saw flir yesterday.,Spelling
The word vinagarette is wrong.,Spelling
The word extroganary is wrong.,Spelling
I saw corrospondance yesterday.,Spelling
She wrote doley in her notebook.,Spelling
I saw angshirs yesterday.,Spelling
She wrote perchased in her notebook.,Spelling
They said memoaries in class.,Spelling
He typed touremount in the message.,Spelling
This is Wh't example.,Spelling
They said Immatation in class.,Spelling
The word organazation is wrong.,Spelling
She wrote permon in her notebook.,Spelling
He typed discresion in the message.,Spelling
This is muchial example.,Spelling
She wrote gratful in her notebook.,Spelling
She wrote moniters in her notebook.,Spelling
She wrote thefe in her notebook.,Spelling
The word tiper is wrong.,Spelling
This is enfusteatec example.,Spelling
They said decieve in class.,Spelling
The word sadusfatoury is wrong.,Spelling
They said pernicety in class.,Spelling
She wrote prais in her notebook.,Spelling
The word chidren is wrong.,Spelling
She wrote levers in her notebook.,Spelling
He typed aprorte in the message.,Spelling
She wrote nasty_tempered in her notebook.,Spelling
They said wat in class.,Spelling
They said populer in class.,Spelling
This is anxois example.,Spelling
This is fo example.,Spelling
The word circarling is wrong.,Spelling
He typed increented in the message.,Spelling
The word onfortinly is wrong.,Spelling
He typed dojo in the message.,Spelling
This is frquently example.,Spelling
This is ery example.,Spelling
They said wakeing in class.,Spelling
He typed done in the message.,Spelling
They said sord in class.,Spelling
The word Geometery is wrong.,Spelling
I saw extradornary yesterday.,Spelling
The word enechiasion is wrong.,Spelling
They said rote in class.,Spelling
She wrote deared in her notebook.,Spelling
I saw calt yesterday.,Spelling
I saw incollectual yesterday.,Spelling
The word tieed is wrong.,Spelling
This is crittissisam example.,Spelling
She wrote benitthe in her notebook.,Spelling
She wrote rases in her notebook.,Spelling
He typed deaft in the message.,Spelling
I saw vaciancys yesterday.,Spelling
He typed lousunt in the message.,Spelling
They said indefinitly in class.,Spelling
The word mediam is wrong.,Spelling
He typed bood in the message.,Spelling
She wrote sycolegy in her notebook.,Spelling
The word gerted is wrong.,Spelling
I saw on yesterday.,Spelling
She wrote comutery in her notebook.,Spelling
They said remenber in class.,Spelling
This is ow example.,Spelling
I saw acknoledging yesterday.,Spelling
The word alpain is wrong.,Spelling
This is curtise example.,Spelling
She wrote ridculos in her notebook.,Spelling
This is schandle example.,Spelling
They said induster in class.,Spelling
He typed enimeus in the message.,Spelling
This is garatie example.,Spelling
He typed ceases in the message.,Spelling
They said quuly in class.,Spelling
He typed sercling in the message.,Spelling
I saw dimounde yesterday.,Spelling
I saw poerator yesterday.,Spelling
She wrote alumi in her notebook.,Spelling
I saw conunicate yesterday.,Spelling
The word miscallaneos is wrong.,Spelling
They said visuble in class.,Spelling
This is shood example.,Spelling
The word midwifes is wrong.,Spelling
She wrote refernce in her notebook.,Spelling
She wrote wumen in her notebook.,Spelling
They said imbarist in class.,Spelling
They said approxitaly in class.,Spelling
I saw scuksefuly yesterday.,Spelling
I saw good-humourdly yesterday.,Spelling
He typed panted in the message.,Spelling
This is kars example.,Spelling
This is fundemetal example.,Spelling
He typed attorney in the message.,Spelling
She wrote summerhouse in her notebook.,Spelling
She wrote stolern in her notebook.,Spelling
They said frietde in class.,Spelling
They said Japanes in class.,Spelling
The word dangres is wrong.,Spelling
The word contended is wrong.,Spelling
She wrote modist in her notebook.,Spelling
The word Exists is wrong.,Spelling
I saw minning yesterday.,Spelling
She wrote here in her notebook.,Spelling
They said catsal in class.,Spelling
The word in_jou is wrong.,Spelling
She wrote receaver in her notebook.,Spelling
The word disipointment is wrong.,Spelling
The word filousity is wrong.,Spelling
He typed wiws in the message.,Spelling
This is spesial example.,Spelling
I saw scrked yesterday.,Spelling
He typed pseudynom in the message.,Spelling
The word Apirl is wrong.,Spelling
He typed resing in the message.,Spelling
He typed interested in the message.,Spelling
I saw sare yesterday.,Spelling
I saw lthoh yesterday.,Spelling
The word inconveinence is wrong.,Spelling
They said contravercial in class.,Spelling
The word Britian is wrong.,Spelling
I saw contervercuy yesterday.,Spelling
He typed expesly in the message.,Spelling
This is defficenciy's example.,Spelling
He typed greas in the message.,Spelling
She wrote negatiations in her notebook.,Spelling
They said uper in class.,Spelling
He typed or in the message.,Spelling
She wrote sudend in her notebook.,Spelling
She wrote instrumants in her notebook.,Spelling
This is dered example.,Spelling
The word pheisition is wrong.,Spelling
This is draculla's example.,Spelling
They said alloud in class.,Spelling
I saw refrigedator yesterday.,Spelling
I saw aprocmently yesterday.,Spelling
I saw sone yesterday.,Spelling
This is orfen example.,Spelling
They said Miss in class.,Spelling
They said could in class.,Spelling
I saw ages yesterday.,Spelling
This is abote example.,Spelling
She wrote recummed in her notebook.,Spelling
The word dever is wrong.,Spelling
I saw facinatung yesterday.,Spelling
They said anziite in class.,Spelling
They said axceptiable in class.,Spelling
This is popularaty example.,Spelling
They said inconveniont in class.,Spelling
I saw goy yesterday.,Spelling
This is techniqucol example.,Spelling
He typed inconvenants in the message.,Spelling
I saw reciever yesterday.,Spelling
He typed associate in the message.,Spelling
She wrote unforgeterbol in her notebook.,Spelling
She wrote pock's in her notebook.,Spelling
I saw faud yesterday.,Spelling
They said qu in class.,Spelling
They said refreashment in class.,Spelling
This is harsten example.,Spelling
This is loev example.,Spelling
He typed helpt in the message.,Spelling
They said meleconly in class.,Spelling
This is alledges example.,Spelling
The word spelendid is wrong.,Spelling
She wrote diningroom in her notebook.,Spelling
She wrote bennificial in her notebook.,Spelling
She wrote a_broad in her notebook.,Spelling
I saw conscienscous yesterday.,Spelling
She wrote gam in her notebook.,Spelling
He typed discresione in the message.,Spelling
He typed minumen in the message.,Spelling
The word encrising is wrong.,Spelling
She wrote in_fush in her notebook.,Spelling
She wrote biycle in her notebook.,Spelling
She wrote approcimate in her notebook.,Spelling
I saw neccesary yesterday.,Spelling
She wrote perminet in her notebook.,Spelling
She wrote inconventant in her notebook.,Spelling
The word corsing is wrong.,Spelling
They said shore in class.,Spelling
She wrote diskits in her notebook.,Spelling
The word work is wrong.,Spelling
The word procedeure is wrong.,Spelling
She wrote wat in her notebook.,Spelling
This is dispointment example.,Spelling
They said reserntly in class.,Spelling
I saw betful yesterday.,Spelling
He typed aparaters in the message.,Spelling
This is run example.,Spelling
This is dute example.,Spelling
The word fith is wrong.,Spelling
They said benefitual in class.,Spelling
She wrote duy in her notebook.,Spelling
She wrote forgivon in her notebook.,Spelling
She wrote attacked in her notebook.,Spelling
I saw exhibation yesterday.,Spelling
The word shoudl is wrong.,Spelling
They said anneversary in class.,Spelling
They said dosen in class.,Spelling
The word beggin is wrong.,Spelling
She wrote acknomacail in her notebook.,Spelling
The word remmder is wrong.,Spelling
He typed poss in the message.,Spelling
They said remied in class.,Spelling
I saw duit yesterday.,Spelling
The word origanily is wrong.,Spelling
He typed schedute in the message.,Spelling
I saw musten't yesterday.,Spelling
They said suetebull in class.,Spelling
I saw eqully yesterday.,Spelling
I saw bef yesterday.,Spelling
I saw ceased yesterday.,Spelling
They said bages in class.,Spelling
They said reccomnend in class.,Spelling
I saw coder yesterday.,Spelling
She wrote housee_work in her notebook.,Spelling
She wrote insistance in her notebook.,Spelling
I saw steest yesterday.,Spelling
This is inaxsesable example.,Spelling
The word cheke is wrong.,Spelling
She wrote sate in her notebook.,Spelling
The word Calvinize is wrong.,Spelling
This is inen example.,Spelling
The word hidrowlic is wrong.,Spelling
The word inticipate is wrong.,Spelling
He typed jealeaus in the message.,Spelling
The word discretiant is wrong.,Spelling
They said sycolledge in class.,Spelling
I saw lauth yesterday.,Spelling
He typed descend in the message.,Spelling
I saw romonac yesterday.,Spelling
She wrote accruell in her notebook.,Spelling
They said mlarge in class.,Spelling
I saw pleas yesterday.,Spelling
She wrote peple in her notebook.,Spelling
He typed pseudononymous in the message.,Spelling
She wrote unparreled in her notebook.,Spelling
I saw corsoues yesterday.,Spelling
He typed sor in the message.,Spelling
This is tress example.,Spelling
They said whern in class.,Spelling
She wrote diznd in her notebook.,Spelling
I saw amout yesterday.,Spelling
She wrote redictulous in her notebook.,Spelling
I saw luky yesterday.,Spelling
They said inconviencence in class.,Spelling
I saw eficiency yesterday.,Spelling
He typed climed in the message.,Spelling
I saw sohod yesterday.,Spelling
I saw frendly yesterday.,Spelling
I saw appration yesterday.,Spelling
She wrote espeasally in her notebook.,Spelling
I saw cykolidgy yesterday.,Spelling
They said sheam in class.,Spelling
I saw aphsing yesterday.,Spelling
She wrote qutie in her notebook.,Spelling
This is encapsualtion example.,Spelling
This is appolige example.,Spelling
The word vaccume is wrong.,Spelling
This is rend example.,Spelling
She wrote tobboganing in her notebook.,Spelling
The word frandely is wrong.,Spelling
They said oul in class.,Spelling
They said colt in class.,Spelling
They said reumaitis in class.,Spelling
She wrote vacantance in her notebook.,Spelling
They said beid in class.,Spelling
I saw specismen yesterday.,Spelling
I saw tryant yesterday.,Spelling
This is beneth example.,Spelling
I saw curticy yesterday.,Spelling
I saw eplained yesterday.,Spelling
He typed millitary in the message.,Spelling
He typed so-folk in the message.,Spelling
She wrote sopte in her notebook.,Spelling
She wrote specifuclly in her notebook.,Spelling
The word litseds is wrong.,Spelling
The word bese is wrong.,Spelling
They said cemestrey in class.,Spelling
I saw appitlie yesterday.,Spelling
This is a_round example.,Spelling
The word Soroity is wrong.,Spelling
This is shggy example.,Spelling
He typed pag in the message.,Spelling
She wrote decendant in her notebook.,Spelling
I saw satafactoraly yesterday.,Spelling
She wrote continient in her notebook.,Spelling
This is suffissioncy example.,Spelling
They said refuring in class.,Spelling
She wrote illimunate in her notebook.,Spelling
I saw galord yesterday.,Spelling
This is distingish example.,Spelling
She wrote algebraical in her notebook.,Spelling
This is garle example.,Spelling
She wrote marry in her notebook.,Spelling
She wrote incdently in her notebook.,Spelling
I saw sympthatic yesterday.,Spelling
This is ersistable example.,Spelling
They said jumb in class.,Spelling
They said marsk in class.,Spelling
This is exstent example.,Spelling
She wrote adegate in her notebook.,Spelling
The word bullettin is wrong.,Spelling
He typed especsily in the message.,Spelling
They said clos_room in class.,Spelling
I saw cancled yesterday.,Spelling
I saw doratory yesterday.,Spelling
They said dro in class.,Spelling
She wrote benifit in her notebook.,Spelling
I saw inashles yesterday.,Spelling
I saw rebarter yesterday.,Spelling
They said pususading in class.,Spelling
He typed princples in the message.,Spelling
I saw pemenent yesterday.,Spelling
The word agerm is wrong.,Spelling
The word skillfully is wrong.,Spelling
He typed existense in the message.,Spelling
The word ges is wrong.,Spelling
He typed couldent in the message.,Spelling
He typed confectionary in the message.,Spelling
I saw creek yesterday.,Spelling
She wrote teckinicital in her notebook.,Spelling
This is phamflet example.,Spelling
This is acocly example.,Spelling
He typed shgy in the message.,Spelling
They said stof in class.,Spelling
He typed advanched in the message.,Spelling
This is apraatuss example.,Spelling
She wrote recevs in her notebook.,Spelling
I saw lod yesterday.,Spelling
He typed affdated in the message.,Spelling
The word boured is wrong.,Spelling
She wrote shalf in her notebook.,Spelling
She wrote heep in her notebook.,Spelling
She wrote montanous in her notebook.,Spelling
This is fertil example.,Spelling
This is pleas example.,Spelling
He typed mate in the message.,Spelling
I saw forer yesterday.,Spelling
They said varies in class.,Spelling
She wrote goal_keeper in her notebook.,Spelling
They said stroy in class.,Spelling
He typed tepy in the message.,Spelling
This is painfull example.,Spelling
I saw clob yesterday.,Spelling
He typed gaint in the message.,Spelling
They said refergiator in class.,Spelling
I saw prelimary yesterday.,Spelling
He typed sifrle in the message.,Spelling
I saw purlmily yesterday.,Spelling
He typed imfusiastic in the message.,Spelling
He typed dimentions in the message.,Spelling
This is veiued example.,Spelling
She wrote betifoll in her notebook.,Spelling
I saw recourse yesterday.,Spelling
They said resouce in class.,Spelling
They said vagabound in class.,Spelling
She wrote saficient in her notebook.,Spelling
This is their example.,Spelling
She wrote naturely in her notebook.,Spelling
They said resved in class.,Spelling
They said aphadivode in class.,Spelling
He typed and in the message.,Spelling
He typed biscuts in the message.,Spelling
They said gouvges in class.,Spelling
This is stactics example.,Spelling
They said inconvenitents in class.,Spelling
The word faces is wrong.,Spelling
They said analyzes in class.,Spelling
I saw lens yesterday.,Spelling
She wrote gallrey in her notebook.,Spelling
They said cup in class.,Spelling
She wrote eltitude in her notebook.,Spelling
This is aste example.,Spelling
This is tap example.,Spelling
He typed courtey in the message.,Spelling
I saw stumak yesterday.,Spelling
The word scaned is wrong.,Spelling
They said materdoor in class.,Spelling
They said and in class.,Spelling
He typed scanty in the message.,Spelling
They said mching in class.,Spelling
They said temporalry in class.,Spelling
The word moor is wrong.,Spelling
This is scambld example.,Spelling
I saw awer yesterday.,Spelling
I saw doce yesterday.,Spelling
This is eniemies example.,Spelling
He typed noise'y in the message.,Spelling
The word perserve is wrong.,Spelling
He typed fundumental in the message.,Spelling
He typed apatiet in the message.,Spelling
They said suspicsion in class.,Spelling
The word Motor-bikes is wrong.,Spelling
The word scissor is wrong.,Spelling
She wrote agency in her notebook.,Spelling
She wrote pnuemonia in her notebook.,Spelling
They said uscostumed in class.,Spelling
He typed materealery in the message.,Spelling
This is emegtl example.,Spelling
The word captored is wrong.,Spelling
I saw lomp yesterday.,Spelling
The word equiped is wrong.,Spelling
He typed miscelaneous in the message.,Spelling
They said looses in class.,Spelling
I saw rejoce yesterday.,Spelling
This is melloncoly example.,Spelling
I saw heigth yesterday.,Spelling
The word opion is wrong.,Spelling
This is vistors example.,Spelling
They said cuming in class.,Spelling
The word prefared is wrong.,Spelling
The word ubiquitious is wrong.,Spelling
They said tae in class.,Spelling
The word cisting is wrong.,Spelling
She wrote transifered in her notebook.,Spelling
He typed protaganists in the message.,Spelling
This is rap example.,Spelling
This is satur example.,Spelling
She wrote min in her notebook.,Spelling
They said greif in class.,Spelling
This is effecinately example.,Spelling
She wrote gallot in her notebook.,Spelling
The word tened is wrong.,Spelling
They said condistion in class.,Spelling
The word uniomus is wrong.,Spelling
I saw Immdiately yesterday.,Spelling
I saw sufficuint yesterday.,Spelling
She wrote fundomental in her notebook.,Spelling
This is desidly example.,Spelling
This is sorarity example.,Spelling
She wrote brezze in her notebook.,Spelling
The word atterney is wrong.,Spelling
They said wones in class.,Spelling
She wrote leve in her notebook.,Spelling
She wrote poatrey in her notebook.,Spelling
This is Physology example.,Spelling
The word sukseful is wrong.,Spelling
The word reguarly is wrong.,Spelling
I saw sucption yesterday.,Spelling
He typed Chauetouequa in the message.,Spelling
The word benath is wrong.,Spelling
The word norishing is wrong.,Spelling
He typed inetals in the message.,Spelling
The word to is wrong.,Spelling
The word aftedavid is wrong.,Spelling
They said Wensday in class.,Spelling
He typed agentses in the message.,Spelling
She wrote event_bold in her notebook.,Spelling
The word kop is wrong.,Spelling
The word mack is wrong.,Spelling
She wrote cosce in her notebook.,Spelling
The word execusite is wrong.,Spelling
This is hooem example.,Spelling
She wrote exebrion in her notebook.,Spelling
I saw estamed yesterday.,Spelling
I saw explaind yesterday.,Spelling
She wrote critiszm in her notebook.,Spelling
The word soen is wrong.,Spelling
I saw setistics yesterday.,Spelling
He typed cuseet in the message.,Spelling
I saw anoyance yesterday.,Spelling
He typed could in the message.,Spelling
I saw preshon yesterday.,Spelling
He typed destinaion in the message.,Spelling
The word potato is wrong.,Spelling
The word be is wrong.,Spelling
I saw sussfull yesterday.,Spelling
This is fincially example.,Spelling
They said rediciouls in class.,Spelling
She wrote sedualed in her notebook.,Spelling
The word extened is wrong.,Spelling
She wrote morgh in her notebook.,Spelling
He typed redicilous in the message.,Spelling
He typed intertes in the message.,Spelling
They said serpulse in class.,Spelling
She wrote entred in her notebook.,Spelling
The word rune is wrong.,Spelling
The word cieling is wrong.,Spelling
He typed dep in the message.,Spelling
She wrote cracle in her notebook.,Spelling
The word sais is wrong.,Spelling
I saw vanencies yesterday.,Spelling
This is lekt example.,Spelling
I saw culu yesterday.,Spelling
He typed ilustrate in the message.,Spelling
I saw surntered yesterday.,Spelling
I saw Satuarday yesterday.,Spelling
The word dispair is wrong.,Spelling
The word breeth is wrong.,Spelling
They said kondis in class.,Spelling
This is begingig example.,Spelling
The word garentea is wrong.,Spelling
The word had is wrong.,Spelling
She wrote b_for in her notebook.,Spelling
They said counshes in class.,Spelling
They said from in class.,Spelling
He typed folosity in the message.,Spelling
This is imediate example.,Spelling
She wrote thses in her notebook.,Spelling
The word cerflos is wrong.,Spelling
I saw amenable yesterday.,Spelling
This is spellend example.,Spelling
The word anticipitate is wrong.,Spelling
The word effextionally is wrong.,Spelling
He typed wee in the message.,Spelling
I saw audatorum yesterday.,Spelling
They said labratory in class.,Spelling
She wrote fied in her notebook.,Spelling
She wrote highdrolick in her notebook.,Spelling
She wrote yur in her notebook.,Spelling
They said bulletion in class.,Spelling
The word run is wrong.,Spelling
He typed decomposited in the message.,Spelling
The word aspecly is wrong.,Spelling
He typed freindly in the message.,Spelling
He typed robe in the message.,Spelling
He typed critisesimon in the message.,Spelling
This is mestry example.,Spelling
She wrote espiciely in her notebook.,Spelling
She wrote cann't in her notebook.,Spelling
The word ventelated is wrong.,Spelling
He typed misolainious in the message.,Spelling
This is vagacy example.,Spelling
I saw curouity yesterday.,Spelling
They said spicel in class.,Spelling
This is schol example.,Spelling
She wrote delinket in her notebook.,Spelling
I saw economecle yesterday.,Spelling
They said assertaining in class.,Spelling
I saw look yesterday.,Spelling
The word temppure is wrong.,Spelling
He typed accomodates in the message.,Spelling
I saw indeffinete yesterday.,Spelling
He typed deporty in the message.,Spelling
He typed romantice in the message.,Spelling
They said caried in class.,Spelling
The word fundelmentl is wrong.,Spelling
She wrote branck in her notebook.,Spelling
They said freequently in class.,Spelling
This is stistics example.,Spelling
He typed interence in the message.,Spelling
This is vaya example.,Spelling
He typed recipt in the message.,Spelling
He typed approximent in the message.,Spelling
They said phaise in class.,Spelling
They said determin in class.,Spelling
The word toboggen is wrong.,Spelling
He typed sarority in the message.,Spelling
They said prisin in class.,Spelling
She wrote regein in her notebook.,Spelling
He typed fatd in the message.,Spelling
He typed negotition in the message.,Spelling
He typed irrisitstable in the message.,Spelling
She wrote representatives' in her notebook.,Spelling
